Series Name,Series Code,Country Name,Country Code,2012 [YR2012],2013 [YR2013],2014 [YR2014],2015 [YR2015],2016 [YR2016],2017 [YR2017],2018 [YR2018],2019 [YR2019],2020 [YR2020],2021 [YR2021],2022 [YR2022],2023 [YR2023],2024 [YR2024]
"Population, total",SP.POP.TOTL,France,FRA,65657659,65997932,66312067,66548272,66724104,66918020,67158348,67382061,67601110,67842811,68065015,68287487,68516699
"Population, total",SP.POP.TOTL,Ukraine,UKR,46210056,46126770,45972380,45784896,45616832,45436041,45208907,44957458,44680014,44298640,41048766,37732836,37860221
"Population, total",SP.POP.TOTL,Afghanistan,AFG,30560034,31622704,32792523,33831764,34700612,35688935,36743039,37856121,39068979,40000412,40578842,41454761,42647492
"Population, total",SP.POP.TOTL,Albania,ALB,2900401,2895092,2889104,2880703,2876101,2873457,2866376,2854191,2837849,2811666,2777689,2745972,2714617
"Population, total",SP.POP.TOTL,Algeria,DZA,37646166,38414171,39205031,40019529,40850721,41689299,42505035,43294546,44042091,44761099,45477389,46164219,46814308
"Population, total",SP.POP.TOTL,American Samoa,ASM,54489,54006,53466,52878,52245,51586,50908,50209,49761,49225,48342,47521,46765
"Population, total",SP.POP.TOTL,Andorra,AND,76834,75194,73737,72174,72181,73763,75162,76474,77380,78364,79705,80856,81938
"Population, total",SP.POP.TOTL,Angola,AGO,25177394,26165620,27160769,28157798,29183070,30234839,31297155,32375632,33451132,34532429,35635029,36749906,37885849
"Population, total",SP.POP.TOTL,Antigua and Barbuda,ATG,87260,88064,88765,89409,89969,90468,90926,91364,91846,92349,92840,93316,93772
"Population, total",SP.POP.TOTL,Argentina,ARG,42161721,42582455,43024071,43477012,43900313,44288894,44654882,44973465,45191965,45312281,45407904,45538401,45696159
"Population, total",SP.POP.TOTL,Armenia,ARM,3024100,3022000,3013800,3004600,2992300,2979400,2969000,2962500,2961500,2962300,2969200,2964300,3033500
"Population, total",SP.POP.TOTL,Aruba,ABW,104110,105675,106807,107906,108727,108735,108908,109203,108587,107700,107310,107359,107624
"Population, total",SP.POP.TOTL,Australia,AUS,22733465,23128129,23475686,23815995,24190907,24592588,24963258,25334826,25649248,25685412,26014399,26652777,27204809
"Population, total",SP.POP.TOTL,Austria,AUT,8429991,8479823,8546356,8642699,8736668,8797566,8840521,8879920,8916864,8955797,9041851,9131761,9178482
"Population, total",SP.POP.TOTL,Azerbaijan,AZE,9295784,9416801,9535079,9649341,9757812,9854033,9939771,10024283,10093121,10137750,10141756,10153958,10202850
"Population, total",SP.POP.TOTL,"Bahamas, The",BHS,375469,378953,382298,385346,388055,390485,392717,394675,395863,396373,397538,399440,401283
"Population, total",SP.POP.TOTL,Bahrain,BHR,1208964,1253191,1314562,1370322,1423726,1501116,1503091,1483756,1472204,1504365,1524693,1577059,1588670
"Population, total",SP.POP.TOTL,Bangladesh,BGD,155070101,156532141,157964929,159383179,160811932,162186147,163523103,164913055,166298024,167658854,169384897,171466990,173562364
"Population, total",SP.POP.TOTL,Barbados,BRB,276938,277665,278348,278990,279598,280171,280711,281207,281698,282147,282318,282336,282467
"Population, total",SP.POP.TOTL,Belarus,BLR,9446836,9443211,9448515,9461076,9469379,9458989,9438785,9419758,9379952,9302585,9228071,9178298,9133712
"Population, total",SP.POP.TOTL,Belgium,BEL,11106932,11159407,11209057,11274196,11331422,11375158,11427054,11488980,11538604,11586195,11680210,11787423,11876844
"Population, total",SP.POP.TOTL,Belize,BLZ,334414,341627,348923,356333,364705,373202,380226,385829,390812,395346,402733,411106,417072
"Population, total",SP.POP.TOTL,Benin,BEN,10397657,10708834,11030004,11360681,11697842,12039780,12383347,12726755,13070169,13413417,13759501,14111034,14462724
"Population, total",SP.POP.TOTL,Bermuda,BMU,63646,63574,63529,63464,63449,63578,63831,64107,64382,64648,64749,64698,64636
"Population, total",SP.POP.TOTL,Bhutan,BTN,717279,725273,733139,740618,747866,754335,759759,764824,770006,775442,780914,786385,791524
"Population, total",SP.POP.TOTL,Bolivia,BOL,10515807,10682608,10848888,11014705,11180020,11344587,11508368,11671386,11816299,11937360,12077154,12244159,12413315
"Population, total",SP.POP.TOTL,Bosnia and Herzegovina,BIH,3670113,3610859,3564829,3518541,3473003,3428682,3387000,3345533,3299349,3244907,3204802,3185073,3164253
"Population, total",SP.POP.TOTL,Botswana,BWA,2108617,2140682,2172044,2203273,2234776,2266747,2299141,2332083,2365894,2401441,2439892,2480244,2521139
"Population, total",SP.POP.TOTL,Brazil,BRA,196876111,198478299,200085127,201675532,203218114,204703445,206107261,207455459,208660842,209550294,210306415,211140729,211998573
"Population, total",SP.POP.TOTL,British Virgin Islands,VGB,30345,31703,32962,34498,33878,32699,34657,36395,37135,37809,38319,38985,39471
"Population, total",SP.POP.TOTL,Brunei Darussalam,BRN,405557,411202,416750,422212,427564,432772,437810,442680,447404,451721,455370,458949,462721
"Population, total",SP.POP.TOTL,Bulgaria,BGR,7305888,7160005,7073572,6984225,6894139,6803468,6710798,6616726,6550696,6507301,6465097,6446596,6444366
"Population, total",SP.POP.TOTL,Burkina Faso,BFA,17172287,17695409,18229461,18777487,19334856,19894407,20438288,20961952,21478690,21995243,22509038,23025776,23548781
"Population, total",SP.POP.TOTL,Burundi,BDI,10071028,10439341,10799785,11047580,11239451,11506762,11859446,12255336,12617036,12965481,13321097,13689450,14047786
"Population, total",SP.POP.TOTL,Cabo Verde,CPV,511955,512225,512326,512394,512554,512893,513415,514104,514679,516649,519741,522331,524877
"Population, total",SP.POP.TOTL,Cambodia,KHM,14945085,15170208,15396772,15623251,15852803,16073372,16274522,16481304,16725474,16974305,17201724,17423880,17638801
"Population, total",SP.POP.TOTL,Cameroon,CMR,20809529,21402376,22059893,22763414,23454161,24128601,24806383,25506095,26210558,26915758,27632771,28372687,29123744
"Population, total",SP.POP.TOTL,Canada,CAN,34713395,35080992,35434066,35704498,36110803,36545075,37072620,37618495,38028638,38239864,38935934,40083484,41288599
"Population, total",SP.POP.TOTL,Cayman Islands,CYM,57136,58655,60160,61642,63100,64535,65941,67327,68684,70108,71591,73038,74457
"Population, total",SP.POP.TOTL,Central African Republic,CAF,4610848,4642419,4623182,4629320,4713663,4793511,4878657,4944703,5026628,5112100,5098039,5152421,5330690
"Population, total",SP.POP.TOTL,Chad,TCD,13210998,13691079,14188678,14647621,15114655,15622759,16156531,16685223,17224679,17828273,18455316,19319064,20299123
"Population, total",SP.POP.TOTL,Channel Islands,CHI,160767,161777,162726,163454,163883,164319,164949,165639,166235,166741,167215,167691,168126
"Population, total",SP.POP.TOTL,Chile,CHL,17519119,17687006,17864195,18047625,18267221,18558868,18893191,19197744,19370624,19456334,19553036,19658835,19764771
"Population, total",SP.POP.TOTL,China,CHN,1354190000,1363240000,1371860000,1379860000,1387790000,1396215000,1402760000,1407745000,1411100000,1412360000,1412175000,1410710000,1408975000
"Population, total",SP.POP.TOTL,Colombia,COL,45715810,46151584,46565429,46969940,47437512,48131078,49024465,49907985,50629997,51188173,51737944,52321152,52886363
"Population, total",SP.POP.TOTL,Comoros,COM,681630,696192,711503,726682,741741,756669,771590,786578,802163,818174,834188,850387,866628
"Population, total",SP.POP.TOTL,"Congo, Dem. Rep.",COD,73254618,75789395,78403242,81035531,83956415,87083398,90047644,92947442,95989998,99148932,102396968,105789731,109276265
"Population, total",SP.POP.TOTL,"Congo, Rep.",COG,4740450,4857099,4975880,5097581,5222536,5351011,5483118,5616661,5752791,5892183,6035104,6182885,6332961
"Population, total",SP.POP.TOTL,Costa Rica,CRI,4663934,4716147,4767119,4818038,4866998,4913177,4957818,4999553,5034320,5059988,5081765,5105525,5129910
"Population, total",SP.POP.TOTL,Cote d'Ivoire,CIV,23467078,23939775,24527395,25246342,25989405,26733372,27464173,28193009,28915449,29639736,30395002,31165654,31934230
"Population, total",SP.POP.TOTL,Croatia,HRV,4260368,4233922,4201598,4151725,4106867,4041407,3988775,3949390,3914206,3878981,3855641,3859686,3866300
"Population, total",SP.POP.TOTL,Cuba,CUB,11303175,11298167,11285775,11275065,11265612,11247829,11227118,11202846,11176354,11122168,11059820,11019931,10979783
"Population, total",SP.POP.TOTL,Curacao,CUW,152088,153822,155909,157980,159664,160175,159336,157441,154947,152369,149996,155800,155900
"Population, total",SP.POP.TOTL,Cyprus,CYP,1165397,1183895,1201801,1219502,1237112,1254275,1270737,1286671,1302247,1317309,1331370,1344976,1358282
"Population, total",SP.POP.TOTL,Czechia,CZE,10510785,10514272,10525347,10546059,10566332,10594438,10629928,10671870,10697858,10505772,10672118,10864042,10882164
"Population, total",SP.POP.TOTL,Denmark,DNK,5591572,5614932,5643475,5683483,5728010,5764980,5793636,5814422,5831404,5856733,5903037,5946952,5976992
"Population, total",SP.POP.TOTL,Djibouti,DJI,966747,984824,1002717,1020313,1037653,1054841,1071882,1088709,1105188,1121248,1137096,1152944,1168722
"Population, total",SP.POP.TOTL,Dominica,DMA,69118,69715,70373,70410,69606,68496,68174,67880,67573,67202,66826,66510,66205
"Population, total",SP.POP.TOTL,Dominican Republic,DOM,10070411,10193833,10315528,10434829,10551430,10666843,10782053,10894043,11008300,11123476,11230734,11331265,11427557
"Population, total",SP.POP.TOTL,Ecuador,ECU,15572194,15807128,16035124,16266225,16505139,16759519,17049547,17340021,17546065,17682454,17823897,17980083,18135478
"Population, total",SP.POP.TOTL,"Egypt, Arab Rep.",EGY,93161001,95333553,97528654,99597342,101644589,103696057,105682094,107553158,109315124,110957008,112618250,114535772,116538258
"Population, total",SP.POP.TOTL,El Salvador,SLV,6113975,6138839,6162955,6183676,6200800,6213533,6219807,6222318,6234673,6255782,6280319,6309624,6338193
"Population, total",SP.POP.TOTL,Equatorial Guinea,GNQ,1293483,1346218,1399828,1453923,1508186,1562396,1616422,1670177,1716468,1758786,1803545,1847549,1892516
"Population, total",SP.POP.TOTL,Eritrea,ERI,3036988,3074360,3095173,3105546,3124698,3150347,3192760,3240194,3291271,3350183,3409447,3470390,3535603
"Population, total",SP.POP.TOTL,Estonia,EST,1322696,1317997,1314545,1315407,1315790,1317384,1321977,1326898,1329522,1330932,1348840,1370286,1371986
"Population, total",SP.POP.TOTL,Eswatini,SWZ,1123863,1129990,1136299,1142813,1149507,1158195,1168929,1179874,1192729,1206593,1218917,1230506,1242822
"Population, total",SP.POP.TOTL,Ethiopia,ETH,95798767,98438751,101115610,103867135,106718162,109666481,112664152,115737383,118917671,122138588,125384287,128691692,132059767
"Population, total",SP.POP.TOTL,Faroe Islands,FRO,48291,48246,48428,48901,49464,50180,50996,51793,52567,53305,53927,54439,54719
"Population, total",SP.POP.TOTL,Fiji,FJI,914918,916352,917585,918578,919166,918759,917180,914899,914963,916711,919422,924145,928784
"Population, total",SP.POP.TOTL,Finland,FIN,5413971,5438972,5461512,5479531,5495303,5508214,5515525,5521606,5529543,5541017,5556106,5583911,5637214
"Population, total",SP.POP.TOTL,French Polynesia,PYF,273084,274728,276387,277866,279178,280087,279815,279034,279209,279792,280378,281118,281807
"Population, total",SP.POP.TOTL,Gabon,GAB,1846889,1913059,1978399,2040989,2100306,2156900,2212318,2267706,2322539,2376722,2430747,2484789,2538952
"Population, total",SP.POP.TOTL,"Gambia, The",GMB,2043094,2103820,2164528,2224529,2283769,2342189,2399632,2456844,2515733,2576010,2636470,2697845,2759988
"Population, total",SP.POP.TOTL,Georgia,GEO,3728874,3717668,3719414,3725276,3727505,3728004,3726549,3720161,3722716,3708610,3712502,3715483,3673850
"Population, total",SP.POP.TOTL,Germany,DEU,80425823,80645605,80982500,81686611,82348669,82657002,82905782,83092962,83160871,83196078,83797985,83901923,83510950
"Population, total",SP.POP.TOTL,Ghana,GHA,26734268,27386193,28041592,28696068,29356742,30008354,30637585,31258945,31887809,32518665,33149152,33787914,34427414
"Population, total",SP.POP.TOTL,Gibraltar,GIB,32029,32407,32813,33193,33658,34245,34854,35494,36173,36858,37609,38471,39329
"Population, total",SP.POP.TOTL,Greece,GRC,11045011,10965211,10892413,10820883,10775971,10754679,10732882,10721582,10698599,10569207,10436882,10405588,10388805
"Population, total",SP.POP.TOTL,Greenland,GRL,56810,56483,56295,56114,56186,56172,56023,56225,56367,56653,56661,56865,56836
"Population, total",SP.POP.TOTL,Grenada,GRD,112775,113487,114132,114676,115130,115438,115691,115981,116341,116688,116913,117081,117207
"Population, total",SP.POP.TOTL,Guam,GUM,166331,165966,165486,164905,164233,163490,162679,161808,162158,163730,165180,166506,167777
"Population, total",SP.POP.TOTL,Guatemala,GTM,15089647,15387337,15681725,15971743,16268760,16567357,16845685,17103803,17357325,17598650,17847877,18124838,18406359
"Population, total",SP.POP.TOTL,Guinea,GIN,10921581,11191873,11472924,11767070,12073030,12385659,12704774,13034346,13371183,13710513,14055137,14405468,14754785
"Population, total",SP.POP.TOTL,Guinea-Bissau,GNB,1651417,1695973,1741122,1786457,1831893,1877072,1922168,1967696,2013255,2058841,2105529,2153339,2201352
"Population, total",SP.POP.TOTL,Guyana,GUY,746288,750021,754229,758781,763548,768479,791556,807665,807481,815482,821637,826353,831087
"Population, total",SP.POP.TOTL,Haiti,HTI,10069771,10222362,10373235,10523242,10671457,10817754,10962362,11105163,11243848,11374586,11503606,11637398,11772557
"Population, total",SP.POP.TOTL,Honduras,HND,8715076,8889278,9063122,9237305,9412380,9588137,9765210,9943633,10119640,10289877,10463872,10644851,10825703
"Population, total",SP.POP.TOTL,"Hong Kong SAR, China",HKG,7150100,7178900,7229500,7291300,7336600,7393200,7452600,7507900,7481000,7413100,7346100,7536100,7524100
"Population, total",SP.POP.TOTL,Hungary,HUN,9920362,9872734,9833038,9797755,9759755,9726756,9706964,9694824,9670419,9630932,9605074,9592186,9562314
"Population, total",SP.POP.TOTL,Iceland,ISL,320716,323764,327386,330815,335439,343400,352721,360563,366463,372520,382003,393349,404610
"Population, total",SP.POP.TOTL,India,IND,1278674502,1295829511,1312277191,1328024498,1343944296,1359657400,1374659064,1389030312,1402617695,1414203896,1425423212,1438069596,1450935791
"Population, total",SP.POP.TOTL,Indonesia,IDN,252698525,255852467,258877399,261799249,264627418,267346658,269951846,272489381,274814866,276758053,278830529,281190067,283487931
"Population, total",SP.POP.TOTL,"Iran, Islamic Rep.",IRN,79370580,80414686,81502045,82619362,83812228,85026754,86117998,87051648,87723443,88455488,89524246,90608707,91567738
"Population, total",SP.POP.TOTL,Iraq,IRQ,33654842,35281989,36550059,37560535,38469627,39337353,40265624,41192171,42116605,43071211,44070551,45074049,46042015
"Population, total",SP.POP.TOTL,Ireland,IRL,4599533,4623816,4657740,4701957,4762722,4827445,4898022,4976456,5039747,5110585,5212836,5307600,5380257
"Population, total",SP.POP.TOTL,Isle of Man,IMN,84335,84141,83892,83593,83466,83609,83805,83957,84064,84106,84132,84165,84160
"Population, total",SP.POP.TOTL,Israel,ISR,7910500,8059500,8215700,8380100,8546000,8713300,8882800,9054000,9215100,9371400,9557500,9849000,9974400
"Population, total",SP.POP.TOTL,Italy,ITA,60191247,60311613,60320707,60229605,60115223,60002252,60148658,59729081,59438851,59133173,59013667,58993475,58986023
"Population, total",SP.POP.TOTL,Jamaica,JAM,2772430,2783687,2793749,2802534,2809915,2815764,2820097,2823271,2830739,2837682,2839144,2839786,2839175
"Population, total",SP.POP.TOTL,Japan,JPN,127629000,127445000,127276000,127141000,127076000,126972000,126811000,126633000,126261000,125681593,125124989,124516650,123975371
"Population, total",SP.POP.TOTL,Jordan,JOR,7587127,7991809,8791710,9544729,10006367,10234226,10462306,10671891,10865228,11066356,11256263,11439213,11552876
"Population, total",SP.POP.TOTL,Kazakhstan,KAZ,17306106,17556502,17816285,18084169,18363600,18651931,18932727,19209555,19482117,19743603,20034609,20330104,20592571
"Population, total",SP.POP.TOTL,Kenya,KEN,43888303,44986791,46051440,47088526,48139687,49197766,50207107,51202827,52217334,53219166,54252461,55339003,56432944
"Population, total",SP.POP.TOTL,Kiribati,KIR,112284,113838,115326,116815,118478,120275,122084,123921,126099,128377,130469,132530,134518
"Population, total",SP.POP.TOTL,"Korea, Dem. People's Rep.",PRK,25211728,25329451,25451262,25575350,25698326,25817709,25931147,26037632,26136312,26232534,26328845,26418204,26498823
"Population, total",SP.POP.TOTL,"Korea, Rep.",KOR,50199853,50428893,50746659,51014947,51217803,51361911,51585058,51764822,51836239,51769539,51672569,51712619,51751065
"Population, total",SP.POP.TOTL,Kosovo,XKX,1807126,1818119,1812788,1788274,1777568,1791019,1797086,1788891,1790151,1786079,1768096,1682668,1527324
"Population, total",SP.POP.TOTL,Kuwait,KWT,3337109,3507844,3665876,3834574,4004096,4154812,4323515,4442316,4400267,4360865,4589643,4853420,4973861
"Population, total",SP.POP.TOTL,Kyrgyz Republic,KGZ,5652076,5777150,5905848,6040036,6175338,6306696,6444079,6590211,6726596,6851224,6975220,7099750,7224614
"Population, total",SP.POP.TOTL,Lao PDR,LAO,6518978,6611385,6703172,6801645,6908802,7018147,7128045,7237636,7346533,7453194,7559007,7664993,7769819
"Population, total",SP.POP.TOTL,Latvia,LVA,2034319,2012647,1993782,1977527,1959537,1942248,1927174,1913822,1900449,1884490,1879383,1877445,1862441
"Population, total",SP.POP.TOTL,Lebanon,LBN,5235742,5743436,6346990,6472469,6323060,6160128,5984119,5794594,5702398,5718122,5744489,5773493,5805962
"Population, total",SP.POP.TOTL,Lesotho,LSO,2034354,2056504,2080089,2104611,2130422,2157110,2183603,2209405,2235727,2261542,2286110,2311472,2337423
"Population, total",SP.POP.TOTL,Liberia,LBR,4373043,4470239,4564293,4659431,4755608,4848925,4944726,5043721,5149463,5259323,5373294,5493031,5612817
"Population, total",SP.POP.TOTL,Libya,LBY,6179328,6304628,6427252,6531819,6632126,6738770,6849055,6951033,7045399,7135175,7223805,7305659,7381023
"Population, total",SP.POP.TOTL,Liechtenstein,LIE,36657,36984,37248,37494,37716,37962,38246,38563,38901,39182,39493,39850,40197
"Population, total",SP.POP.TOTL,Lithuania,LTU,2989139,2961250,2937253,2911109,2877325,2842639,2819200,2811089,2810369,2808380,2831639,2871585,2888055
"Population, total",SP.POP.TOTL,Luxembourg,LUX,530946,543360,556319,569604,582014,596336,607950,620001,630419,640064,653103,666430,677717
"Population, total",SP.POP.TOTL,"Macao SAR, China",MAC,567900,591900,621700,642900,652500,648400,658900,672000,685400,682500,677300,678800,687000
"Population, total",SP.POP.TOTL,Madagascar,MDG,23462438,24109290,24764348,25426702,26099952,26788375,27494926,28219554,28953556,29691083,30437261,31195932,31964956
"Population, total",SP.POP.TOTL,Malawi,MWI,15709577,16161816,16621538,17085587,17557739,18039715,18528081,19025752,19533888,20047258,20568728,21104482,21655286
"Population, total",SP.POP.TOTL,Malaysia,MYS,29662831,30174265,30696137,31232798,31789685,32355644,32910967,33440596,33889558,34282399,34695493,35126298,35557673
"Population, total",SP.POP.TOTL,Maldives,MDV,386818,400070,413617,428154,443308,458287,473099,487731,502118,516154,524106,525994,527799
"Population, total",SP.POP.TOTL,Mali,MLI,16957033,17459615,18020267,18593022,19191289,19813011,20442030,21068405,21713836,22388630,23072640,23769127,24478595
"Population, total",SP.POP.TOTL,Malta,MLT,420028,424810,433481,444220,454505,467106,483903,503912,515490,518150,531113,552747,574346
"Population, total",SP.POP.TOTL,Marshall Islands,MHL,51419,50681,49796,48800,47709,46529,45285,44007,42706,41367,40077,38827,37548
"Population, total",SP.POP.TOTL,Mauritania,MRT,3619034,3734318,3848514,3965959,4086657,4210600,4337685,4467708,4600131,4734874,4875637,5022441,5169395
"Population, total",SP.POP.TOTL,Mauritius,MUS,1255882,1258927,1261208,1262879,1263747,1264887,1265577,1265985,1266014,1266334,1262523,1261041,1259509
"Population, total",SP.POP.TOTL,Mexico,MEX,116818208,118343573,119784261,121072306,122251351,123400057,124573711,125762982,126799054,127648148,128613117,129739759,130861007
"Population, total",SP.POP.TOTL,"Micronesia, Fed. Sts.",FSM,107890,108121,108396,108716,109075,109481,109909,110282,110916,111624,112114,112630,113160
"Population, total",SP.POP.TOTL,Moldova,MDA,2860324,2859558,2857815,2835978,2803186,2755189,2707203,2664224,2635130,2595809,2528654,2457783,2389275
"Population, total",SP.POP.TOTL,Monaco,MCO,34711,35447,36128,36757,37276,37678,38154,38109,38050,38527,38931,38956,38631
"Population, total",SP.POP.TOTL,Mongolia,MNG,2839705,2899011,2963113,3026864,3088856,3148917,3208189,3267673,3327204,3383741,3433748,3481145,3524788
"Population, total",SP.POP.TOTL,Montenegro,MNE,621418,622587,623744,624651,625353,625982,626438,626753,626590,625053,623591,623529,623831
"Population, total",SP.POP.TOTL,Morocco,MAR,33355241,33787571,34204780,34607588,35023457,35446392,35839760,36210898,36584208,36954442,37329064,37712505,38081173
"Population, total",SP.POP.TOTL,Mozambique,MOZ,24337846,25051611,25788475,26547572,27337105,28166393,29018644,29884380,30783688,31707800,32656246,33635160,34631766
"Population, total",SP.POP.TOTL,Myanmar,MMR,49837446,50262658,50681634,51089056,51495696,51894938,52272247,52640713,53016522,53387102,53756787,54133798,54500091
"Population, total",SP.POP.TOTL,Namibia,NAM,2194654,2252508,2312139,2374300,2439213,2506853,2577327,2650494,2728762,2810548,2889662,2963095,3030131
"Population, total",SP.POP.TOTL,Nauru,NRU,10267,10517,10742,10954,11150,11324,11477,11587,11643,11709,11801,11875,11947
"Population, total",SP.POP.TOTL,Nepal,NPL,27534915,27589996,27672370,27823629,27955462,28011258,28079689,28414064,28966574,29475010,29715436,29694614,29651054
"Population, total",SP.POP.TOTL,Netherlands,NLD,16754962,16804432,16865008,16939923,17030314,17131296,17231624,17344874,17441500,17533044,17700982,17877117,17994237
"Population, total",SP.POP.TOTL,New Caledonia,NCL,271633,276822,281224,283168,283423,283546,283541,283606,284176,285214,287123,289870,292639
"Population, total",SP.POP.TOTL,New Zealand,NZL,4408100,4442100,4516500,4609400,4714100,4813600,4900600,4979200,5090200,5111300,5117100,5245000,5338500
"Population, total",SP.POP.TOTL,Nicaragua,NIC,5901287,5983845,6066492,6149417,6232666,6316231,6400080,6483657,6565267,6644741,6730654,6823613,6916140
"Population, total",SP.POP.TOTL,Niger,NER,17836769,18519898,19215909,19939498,20685753,21435446,22188069,22947757,23717613,24502140,25311973,26159867,27032412
"Population, total",SP.POP.TOTL,Nigeria,NGA,176200625,181049443,185896915,190671878,195443700,200254579,204938755,209485641,213996181,218529286,223150896,227882945,232679478
"Population, total",SP.POP.TOTL,North Macedonia,MKD,1929821,1922716,1917557,1912430,1906313,1898657,1889051,1876262,1856124,1837114,1831712,1827816,1792179
"Population, total",SP.POP.TOTL,Northern Mariana Islands,MNP,53234,52758,52178,51514,50773,49959,49077,48129,47528,46979,46078,45143,44278
"Population, total",SP.POP.TOTL,Norway,NOR,5018573,5079623,5137232,5188607,5234519,5276968,5311916,5347896,5379475,5408320,5457127,5519594,5572272
"Population, total",SP.POP.TOTL,Oman,OMN,3547106,3833913,4002439,4184895,4390877,4537396,4597877,4591241,4522497,4500424,4730226,5049269,5281538
"Population, total",SP.POP.TOTL,Pakistan,PAK,207667125,211073978,214264647,217290883,220138869,223273967,226928892,230800899,235001746,239477801,243700667,247504495,251269164
"Population, total",SP.POP.TOTL,Palau,PLW,17765,17648,17715,17770,17797,17812,17814,17798,17792,17783,17759,17727,17695
"Population, total",SP.POP.TOTL,Panama,PAN,3759256,3825329,3892101,3960035,4029086,4098707,4167860,4234700,4293261,4345405,4400773,4458759,4515577
"Population, total",SP.POP.TOTL,Papua New Guinea,PNG,8081390,8302698,8523441,8743246,8961718,9178714,9394513,9609010,9815746,10012896,10203169,10389635,10576502
"Population, total",SP.POP.TOTL,Paraguay,PRY,5897008,5982445,6069811,6159103,6249126,6338660,6427382,6515058,6603739,6684182,6760464,6844146,6929153
"Population, total",SP.POP.TOTL,Peru,PER,29550366,29817919,30115826,30457600,30866494,31324637,31897584,32449303,32838579,33155882,33475438,33845617,34217848
"Population, total",SP.POP.TOTL,Philippines,PHL,100175512,102076336,103767130,105312992,106735719,108119693,109465287,110804683,112081264,113100950,113964338,114891199,115843670
"Population, total",SP.POP.TOTL,Poland,POL,38063164,38040196,38011735,37986412,37970087,37974826,37974750,37965475,37515748,36981559,36821749,36687353,36554707
"Population, total",SP.POP.TOTL,Portugal,PRT,10514844,10457295,10401062,10358076,10325452,10300300,10283822,10286263,10297081,10361831,10434332,10578174,10701636
"Population, total",SP.POP.TOTL,Puerto Rico (US),PRI,3661045,3631427,3585017,3535167,3480432,3410837,3290690,3302691,3281590,3262711,3220137,3203792,3203295
"Population, total",SP.POP.TOTL,Qatar,QAT,1722438,1916426,2151745,2344557,2477113,2545820,2580734,2638657,2794148,2504910,2657333,2656032,2857822
"Population, total",SP.POP.TOTL,Romania,ROU,20058035,19983693,19908979,19815616,19702267,19588715,19473970,19371648,19265250,19122059,19048502,19059479,19069340
"Population, total",SP.POP.TOTL,Russian Federation,RUS,143378447,143805638,144237223,144640716,145015460,145293260,145398106,145453291,145245148,144746762,144236933,143826130,143533851
"Population, total",SP.POP.TOTL,Rwanda,RWA,10829901,11093340,11364757,11640022,11919183,12202060,12487996,12776103,13065837,13355260,13651030,13954471,14256567
"Population, total",SP.POP.TOTL,Samoa,WSM,196498,198268,200037,201782,203499,205415,207582,209780,211944,213779,215261,216663,218019
"Population, total",SP.POP.TOTL,San Marino,SMR,33469,33041,32655,32897,33101,33825,34522,34663,34770,34252,33755,33860,33977
"Population, total",SP.POP.TOTL,Sao Tome and Principe,STP,189439,193148,196767,200291,203689,206970,210187,213392,217435,221961,226305,230871,235536
"Population, total",SP.POP.TOTL,Saudi Arabia,SAU,26168861,27624004,28309273,29816382,30954198,30977355,30196281,30063799,31552510,30784383,32175224,33702731,35300280
"Population, total",SP.POP.TOTL,Senegal,SEN,13310495,13710849,14152102,14593331,15034521,15475002,15914498,16352922,16789219,17220867,17651103,18077573,18501984
"Population, total",SP.POP.TOTL,Serbia,SRB,7201497,7166553,7131787,7095383,7058322,7020858,6982604,6945235,6899126,6834326,6664449,6623183,6587202
"Population, total",SP.POP.TOTL,Seychelles,SYC,88303,89949,91359,93419,94677,95843,96762,97625,98462,99258,119878,119773,121354
"Population, total",SP.POP.TOTL,Sierra Leone,SLE,6551080,6714051,6876385,7037655,7205328,7379299,7554563,7731991,7912558,8094602,8276807,8460512,8642022
"Population, total",SP.POP.TOTL,Singapore,SGP,5312437,5399162,5469724,5535002,5607283,5612253,5638676,5703569,5685807,5453566,5637022,5917648,6036860
"Population, total",SP.POP.TOTL,Sint Maarten (Dutch part),SXM,35023,35854,36672,37471,38249,38996,39712,40385,41008,41571,42139,42749,43350
"Population, total",SP.POP.TOTL,Slovak Republic,SVK,5407579,5413393,5418649,5423801,5430798,5439232,5446771,5454147,5458827,5447247,5431752,5426740,5422069
"Population, total",SP.POP.TOTL,Slovenia,SVN,2057159,2059953,2061980,2063531,2065042,2066388,2073894,2088385,2102419,2108079,2112076,2120461,2126324
"Population, total",SP.POP.TOTL,Solomon Islands,SLB,573606,594945,616908,639415,662379,685672,709101,728147,744498,762591,781066,800005,819198
"Population, total",SP.POP.TOTL,"Somalia, Fed. Rep.",SOM,12461160,12869594,13339491,13806963,14348740,14916629,15452487,16030971,16651191,17271431,17801897,18358615,19009151
"Population, total",SP.POP.TOTL,South Africa,ZAF,53782567,54678791,55594838,56723537,57259551,57635162,58613001,59587885,60562381,61502603,62378410,63212384,64007187
"Population, total",SP.POP.TOTL,South Sudan,SSD,10756240,11166275,11235073,11107561,10830102,10259154,10122977,10423384,10698467,10865780,11021177,11483374,11943408
"Population, total",SP.POP.TOTL,Spain,ESP,46773055,46604197,46460733,46422303,46458139,46571232,46782011,47118501,47359424,47443821,47786102,48347910,48807137
"Population, total",SP.POP.TOTL,Sri Lanka,LKA,21169458,20585000,20778000,20970000,21209000,21453000,21670000,21803000,21919000,22156000,22181000,22037000,21916000
"Population, total",SP.POP.TOTL,St. Kitts and Nevis,KNA,47033,47069,47089,47087,47075,47050,47008,46952,46870,46763,46709,46758,46843
"Population, total",SP.POP.TOTL,St. Lucia,LCA,172587,173369,174138,174905,175646,176342,177017,177661,178250,178522,178781,179285,179744
"Population, total",SP.POP.TOTL,St. Martin (French part),MAF,37276,37419,37450,37369,37175,36837,36012,34267,31786,29961,28870,27515,26129
"Population, total",SP.POP.TOTL,St. Vincent and the Grenadines,VCT,108736,108135,107535,106960,106349,105663,104926,104167,103526,102841,102046,101323,100616
"Population, total",SP.POP.TOTL,Sudan,SDN,36923178,37785849,38823318,40024431,41259892,42714306,44230596,45548175,46789231,48066924,49383346,50042791,50448963
"Population, total",SP.POP.TOTL,Suriname,SUR,562633,569020,575373,581627,587757,593713,599513,605768,612317,617896,623164,628886,634431
"Population, total",SP.POP.TOTL,Sweden,SWE,9519374,9600379,9696110,9799186,9923085,10057698,10175214,10278887,10353442,10415811,10486941,10536632,10569709
"Population, total",SP.POP.TOTL,Switzerland,CHE,7996861,8089346,8188649,8282396,8373338,8451840,8514329,8575280,8638167,8704546,8777088,8888093,9034102
"Population, total",SP.POP.TOTL,Syrian Arab Republic,SYR,22759763,21666917,20273659,19424618,19193834,19224668,19577845,20353534,21049429,21628839,22462173,23594623,24672760
"Population, total",SP.POP.TOTL,Tajikistan,TJK,8014084,8216724,8425552,8643840,8865631,9085946,9307333,9529966,9749310,9966908,10182222,10389799,10590927
"Population, total",SP.POP.TOTL,Tanzania,TZA,47374260,48824128,50351512,52020962,53824013,55652890,57437145,59174891,60972798,62830412,64711821,66617606,68560157
"Population, total",SP.POP.TOTL,Thailand,THA,69436098,69845114,70216367,70540795,70859841,71160187,71376079,71522271,71641484,71727332,71735329,71702435,71668011
"Population, total",SP.POP.TOTL,Timor-Leste,TLS,1134885,1158695,1181903,1205131,1228312,1251703,1275959,1300945,1326053,1350139,1369295,1384286,1400638
"Population, total",SP.POP.TOTL,Togo,TGO,7100736,7285442,7472450,7663195,7858289,8057140,8258778,8463068,8669720,8878379,9089738,9304337,9515236
"Population, total",SP.POP.TOTL,Tonga,TON,107460,107078,106609,106095,105524,105356,105567,105669,105704,105490,105042,104597,104175
"Population, total",SP.POP.TOTL,Trinidad and Tobago,TTO,1335194,1340557,1345343,1349667,1353895,1356633,1359193,1363985,1366725,1367558,1365805,1367510,1368333
"Population, total",SP.POP.TOTL,Tunisia,TUN,11009647,11141361,11274288,11402264,11528674,11650498,11765514,11875081,11974057,12048622,12119334,12200431,12277109
"Population, total",SP.POP.TOTL,Turkiye,TUR,75175827,76147624,77181884,78218479,79277962,80312698,81407204,82579440,83384680,84147318,84979913,85325965,85518661
"Population, total",SP.POP.TOTL,Turkmenistan,TKM,5808546,5939341,6075283,6215770,6360041,6507061,6655524,6803944,6949912,7092043,7230193,7364438,7494498
"Population, total",SP.POP.TOTL,Turks and Caicos Islands,TCA,32127,33653,35050,36605,38315,39913,41559,43166,44386,45243,45847,46198,46535
"Population, total",SP.POP.TOTL,Tuvalu,TUV,10934,11001,10984,10963,10930,10869,10751,10581,10399,10194,9992,9816,9646
"Population, total",SP.POP.TOTL,Uganda,UGA,34337438,35337042,36395539,37531446,38799152,40177388,41565831,42999637,44457152,45910930,47312719,48656601,50015092
"Population, total",SP.POP.TOTL,United Arab Emirates,ARE,7391448,7693031,8059440,8505237,8935095,9223225,9346701,9445785,9401038,9575152,10074977,10483751,10876981
"Population, total",SP.POP.TOTL,United Kingdom,GBR,63711000,64139000,64620000,65088000,65607000,65966000,66289000,66631000,66744000,66984000,67604000,68492000,69226000
"Population, total",SP.POP.TOTL,United States,USA,314339099,316726282,319257560,321815121,324353340,326608609,328529577,330226227,331577720,332099760,334017321,336806231,340110988
"Population, total",SP.POP.TOTL,Uruguay,URY,3335401,3345337,3356334,3368017,3379283,3388438,3394534,3397206,3398968,3396695,3390913,3388081,3386588
"Population, total",SP.POP.TOTL,Uzbekistan,UZB,29261903,29724065,30222994,30749346,31284568,31819178,32373490,32964701,33586372,34243696,34938955,35652307,36361859
"Population, total",SP.POP.TOTL,Vanuatu,VUT,248883,254482,260240,266101,272087,278507,285259,291985,298858,305868,313046,320409,327777
"Population, total",SP.POP.TOTL,"Venezuela, RB",VEN,29553826,29912198,30254079,30573972,30765720,30565323,29807592,28938098,28444077,28237826,28213017,28300854,28405543
"Population, total",SP.POP.TOTL,Viet Nam,VNM,89510356,90573104,91679578,92823254,94000117,95176977,96237319,97173776,98079191,98935098,99680655,100352192,100987686
"Population, total",SP.POP.TOTL,Virgin Islands (U.S.),VIR,108188,108041,107882,107712,107516,107281,107001,106669,106290,105870,105413,104917,104377
"Population, total",SP.POP.TOTL,West Bank and Gaza,PSE,3979998,4076708,4173398,4270092,4367088,4454805,4569087,4685306,4803269,4922749,5043612,5165775,5289152
"Population, total",SP.POP.TOTL,"Yemen, Rep.",YEM,28433647,29312952,30226309,31159379,32109010,33090921,34085182,35111408,36134863,37140230,38222876,39390799,40583164
"Population, total",SP.POP.TOTL,Zambia,ZMB,14913629,15398997,15895315,16399089,16914423,17441320,17973569,18513839,19059395,19603607,20152938,20723965,21314956
"Population, total",SP.POP.TOTL,Zimbabwe,ZWE,13817887,14013808,14207359,14399013,14600294,14812482,15034452,15271368,15526888,15797210,16069056,16340822,16634373
"Population, total",SP.POP.TOTL,Africa Eastern and Southern,AFE,559609961,575202699,590968990,607123269,623369401,640058741,657801085,675950189,694446100,713090928,731821393,750503764,769294618
"Population, total",SP.POP.TOTL,Africa Western and Central,AFW,385360349,396030207,406992047,418127845,429454743,440882906,452195915,463365429,474569351,485920997,497387180,509398589,521764076
"Population, total",SP.POP.TOTL,Arab World,ARB,381030177,390954281,400231008,410190679,419808341,428315886,435998060,444281315,453723239,460646603,471352066,482105978,492579811
"Population, total",SP.POP.TOTL,Caribbean small states,CSS,4228445,4257682,4286546,4314191,4341333,4366140,4407658,4443134,4459302,4479167,4497310,4519904,4539060
"Population, total",SP.POP.TOTL,Central Europe and the Baltics,CEB,103929494,103570062,103280478,102973167,102647939,102337501,102074201,101864274,101215763,100205732,100071871,100175859,100050066
"Population, total",SP.POP.TOTL,Early-demographic dividend,EAR,3058869436,3103677284,3146800078,3190318707,3233033717,3274060446,3314245247,3355014793,3396051187,3432026092,3470644834,3511607650,3552278604
"Population, total",SP.POP.TOTL,East Asia & Pacific,EAS,2249081393,2267072102,2284385542,2300844269,2317076058,2333475520,2347576325,2359771090,2369438682,2375144416,2379648196,2384479340,2388378491
"Population, total",SP.POP.TOTL,East Asia & Pacific (excluding high income),EAP,2006566431,2023850158,2040383789,2056050896,2071486140,2087238522,2100698838,2112289891,2121866294,2128553744,2133560408,2137527754,2141122258
"Population, total",SP.POP.TOTL,East Asia & Pacific (IDA & IBRD countries),TEA,1981382735,1998548872,2014960984,2030504270,2045816761,2061449949,2074796982,2086281644,2095759417,2102350702,2107261123,2111139152,2114653077
"Population, total",SP.POP.TOTL,Euro area,EMU,341100659,341639530,342228563,343180482,344132977,344810179,345864630,346496601,346986142,347207191,348700885,350292725,351125804
"Population, total",SP.POP.TOTL,Europe & Central Asia,ECS,896554203,899985362,903676408,907676898,911765648,915290996,918947897,922218554,923973838,924702975,925061269,925640799,928465742
"Population, total",SP.POP.TOTL,Europe & Central Asia (excluding high income),ECA,233914892,235983340,238114658,240232789,242410814,244533821,246659127,248863066,250660609,252189631,250840400,249053262,250485944
"Population, total",SP.POP.TOTL,Europe & Central Asia (IDA & IBRD countries),TEC,446980794,449206794,451547765,453811483,456099634,458235497,460205526,462219596,463151657,463426293,461268322,458932506,459954508
"Population, total",SP.POP.TOTL,European Union,EUU,442069839,442425741,442920819,443793218,444676652,445321060,446329890,446910453,446870959,446227358,447703403,449425965,450185396
"Population, total",SP.POP.TOTL,Fragile and conflict affected situations,FCS,831065598,851404936,871345375,890869511,910836458,931222867,951851595,973035228,994901090,1016906998,1036390026,1057033168,1081767572
"Population, total",SP.POP.TOTL,Heavily indebted poor countries (HIPC),HPC,675397557,694622934,714769441,735429414,756895035,779389964,802020674,824649053,847743308,870930036,893906294,917304254,941413026
"Population, total",SP.POP.TOTL,High income,HIC,1342428400,1350149879,1357496263,1366013616,1374284415,1380319892,1385103279,1389779202,1393490142,1391839631,1398530204,1408764584,1417871275
"Population, total",SP.POP.TOTL,IBRD only,IBD,4532140278,4582036746,4630723215,4676922961,4721753602,4765998583,4807240463,4845361414,4878606096,4905534420,4928522353,4952554878,4979720059
"Population, total",SP.POP.TOTL,IDA & IBRD total,IBT,6038998236,6120535080,6201723115,6281111240,6360340293,6440236993,6518316997,6594502842,6666779721,6732972939,6795050443,6858864199,6926456321
"Population, total",SP.POP.TOTL,IDA blend,IDB,532980174,544442648,555868551,567234056,578463670,590024074,601951913,614017319,626440308,639196319,651895919,664395892,676957651
"Population, total",SP.POP.TOTL,IDA only,IDX,973877784,994055686,1015131349,1036954223,1060123021,1084214336,1109124621,1135124109,1161733317,1188242200,1214632171,1241913429,1269778611
"Population, total",SP.POP.TOTL,IDA total,IDA,1506857958,1538498334,1570999900,1604188279,1638586691,1674238410,1711076534,1749141428,1788173625,1827438519,1866528090,1906309321,1946736262
"Population, total",SP.POP.TOTL,Late-demographic dividend,LTE,2209359324,2225083377,2241237489,2256276122,2271028438,2286095306,2298652685,2309164437,2316461820,2320449542,2324125644,2326636900,2328890789
"Population, total",SP.POP.TOTL,Latin America & Caribbean,LCN,600420316,606683307,612849401,618868462,624737786,630414986,635778081,640962372,645497651,649234493,653104795,657617663,662185950
"Population, total",SP.POP.TOTL,Latin America & Caribbean (excluding high income),LAC,534503260,540118712,545661592,551075145,556440282,561957179,567711159,573311679,578091505,581884231,585648822,589889543,594158638
"Population, total",SP.POP.TOTL,Latin America & the Caribbean (IDA & IBRD countries),TLA,584524334,590809938,597023419,603091701,609017063,614776664,620274430,625467307,630051021,633862610,637837815,642397939,647003746
"Population, total",SP.POP.TOTL,Least developed countries: UN classification,LDC,896684951,918269633,940284138,962508256,985414939,1008993468,1033110314,1058013514,1083636132,1109175268,1134585604,1160824674,1187777591
"Population, total",SP.POP.TOTL,Low & middle income,LMY,5709187884,5787469694,5865317415,5941372154,6017298320,6094196886,6169917356,6243849229,6314223170,6378645843,6438272260,6499219471,6563719861
"Population, total",SP.POP.TOTL,Low income,LIC,453652889,465087882,476470767,488308267,501149314,514890519,529522043,544980983,560643073,576076618,591481496,607774703,624608098
"Population, total",SP.POP.TOTL,Lower middle income,LMC,2637101332,2679816109,2723061855,2765011526,2806590212,2847931114,2888561818,2928617292,2968398856,3006243027,3043358377,3082002881,3120983658
"Population, total",SP.POP.TOTL,"Middle East, North Africa, Afghanistan & Pakistan",MEA,653273442,667464006,680716578,694232973,707023525,718887744,730362334,742714463,756405281,767578451,782349366,797801454,813118814
"Population, total",SP.POP.TOTL,"Middle East, North Africa, Afghanistan & Pakistan (excluding high income)",MNA,601566988,613151287,624564062,635352686,645837915,656767614,668447432,680490997,692532027,704458802,716508657,729077445,741690916
"Population, total",SP.POP.TOTL,"Middle East, North Africa, Afghanistan & Pakistan (IDA & IBRD)",TMN,597586990,609074579,620390664,631082594,641470827,652312809,663878345,675805691,687728758,699536053,711465045,723911670,736401764
"Population, total",SP.POP.TOTL,Middle income,MIC,5255534995,5322381812,5388846648,5453063887,5516149006,5579306367,5640395313,5698868246,5753580097,5802569225,5846790764,5891444768,5939111763
"Population, total",SP.POP.TOTL,North America,NAC,349116140,351870848,354755155,357583083,360527592,363217262,365666028,367908829,369670740,370404272,373018004,376954413,381464223
"Population, total",SP.POP.TOTL,Not classified,INX,..,..,..,..,..,..,..,..,..,..,..,..,..
"Population, total",SP.POP.TOTL,OECD members,OED,1307733583,1315427979,1323459714,1331675197,1340142055,1348127258,1356470975,1364155119,1369327995,1371811773,1379097485,1388472514,1396914190
"Population, total",SP.POP.TOTL,Other small states,OSS,11346082,11466589,11591200,11722398,11851918,11989367,12135267,12281907,12417333,12541889,12699005,12842214,12969162
"Population, total",SP.POP.TOTL,Pacific island small states,PSS,2351924,2382931,2414338,2445989,2477794,2509999,2542009,2568656,2595522,2625493,2656049,2689224,2722467
"Population, total",SP.POP.TOTL,Post-demographic dividend,PST,1084193277,1088424167,1093025476,1097890139,1102966925,1107161559,1111377470,1114907717,1117025276,1116609473,1117926537,1121892872,1128430188
"Population, total",SP.POP.TOTL,Pre-demographic dividend,PRE,798002725,822138419,846420736,870587800,895239872,920568701,946317177,972302503,998624261,1024960313,1051201551,1078224044,1105951788
"Population, total",SP.POP.TOTL,Small states,SST,17926451,18107202,18292084,18482578,18671045,18865506,19084934,19293697,19472157,19646549,19852364,20051342,20230689
"Population, total",SP.POP.TOTL,South Asia,SAS,1483553073,1501661991,1519839246,1537370078,1555111864,1572520427,1589164714,1605412986,1621073417,1634785356,1648009565,1662580579,1677384532
"Population, total",SP.POP.TOTL,South Asia (IDA & IBRD),TSA,1483553073,1501661991,1519839246,1537370078,1555111864,1572520427,1589164714,1605412986,1621073417,1634785356,1648009565,1662580579,1677384532
"Population, total",SP.POP.TOTL,Sub-Saharan Africa,SSF,944970310,971232906,997961037,1025251114,1052824144,1080941647,1109997000,1139315618,1169015451,1199011925,1229208573,1259902353,1291058694
"Population, total",SP.POP.TOTL,Sub-Saharan Africa (excluding high income),SSA,849083240,872704206,896754068,921290560,946011305,971179323,997236086,1023480610,1049999318,1076774079,1103704408,1131090888,1158877573
"Population, total",SP.POP.TOTL,Sub-Saharan Africa (IDA & IBRD countries),TSS,944970310,971232906,997961037,1025251114,1052824144,1080941647,1109997000,1139315618,1169015451,1199011925,1229208573,1259902353,1291058694
"Population, total",SP.POP.TOTL,Upper middle income,UMC,2618433663,2642565703,2665784793,2688052361,2709558794,2731375253,2751833495,2770250954,2785181241,2796326198,2803432387,2809441887,2818128105
"Population, total",SP.POP.TOTL,World,WLD,7176968877,7265970522,7354183367,7441826877,7529066617,7614748582,7697492379,7778303912,7855075060,7920861888,7990399768,8064976601,8142056446
,,,,,,,,,,,,,,,,
,,,,,,,,,,,,,,,,
,,,,,,,,,,,,,,,,
Data from database: World Development Indicators,,,,,,,,,,,,,,,,
Last Updated: 10/07/2025,,,,,,,,,,,,,,,,
